rank_ascending,salary,cohort,subject
1,158772.24,2025,0
2,162628.83,2025,1
3,179358.96,2024,0
4,181438.92,2025,0
5,183574.49,2025,0
6,184647.32,2025,0
7,184978.76,2024,0
8,185252.60,2025,0
9,185984.68,2025,0
10,188955.76,2025,0
11,189009.76,2024,0
12,189292.50,2024,0
13,189346.08,2025,0
14,192033.60,2024,0
15,193438.48,2024,0
16,193451.76,2024,0
17,197901.64,2025,0
18,199972.88,2025,0
19,200461.52,2024,0
20,201943.62,2025,0
21,202416.96,2024,0
22,205130.68,2024,0
23,206598.80,2024,0
24,207335.40,2024,0
25,208579.04,2025,0
26,210072.88,2024,0
27,211121.64,2025,0
28,212037.50,2024,0
29,213229.24,2024,0
30,213926.20,2025,0
31,214360.68,2024,0
32,214882.32,2024,0
33,218584.44,2024,0
34,218734.36,2025,0
35,219843.28,2024,0
36,220676.28,2024,0
37,222974.48,2024,0
38,223677.64,2025,0
39,224447.64,2024,0
40,228699.40,2024,0
41,229385.28,2025,0
42,230488.60,2025,0
43,232920.39,2025,0
44,234456.04,2025,0
45,234661.32,2024,0
46,236864.04,2025,0
47,241453.32,2024,0
48,390915.27,2024,0
